{"cameraMode":{"drawMode":0,"name":"Shaded","section":"Shading Mode"},"sceneLighting":true,"audioPlay":false,"sceneViewState":{"showFog":true,"showMaterialUpdate":false,"showSkybox":true,"showFlares":true,"showImageEffects":true,"showParticleSystems":true},"in2DMode":false,"pivot":{"x":358.99993896484377,"y":73.58203125,"z":950.38916015625},"rotation":{"x":-0.0006733242771588266,"y":-0.6593741178512573,"z":0.7518144845962524,"w":-0.0005875445785932243},"size":6.07957649230957,"orthographic":true}