{"cameraMode":{"drawMode":0,"name":"Shaded","section":"Shading Mode"},"sceneLighting":true,"audioPlay":false,"sceneViewState":{"showFog":true,"showMaterialUpdate":false,"showSkybox":true,"showFlares":true,"showImageEffects":true,"showParticleSystems":true},"in2DMode":false,"pivot":{"x":1010.7388305664063,"y":39.2796745300293,"z":1094.009033203125},"rotation":{"x":0.040626853704452518,"y":0.7372541427612305,"z":-0.6729224920272827,"w":0.04451057314872742},"size":52.91779708862305,"orthographic":false}