{"cameraMode":{"drawMode":0,"name":"Shaded","section":"Shading Mode"},"sceneLighting":true,"audioPlay":false,"sceneViewState":{"showFog":true,"showMaterialUpdate":false,"showSkybox":true,"showFlares":true,"showImageEffects":true,"showParticleSystems":true},"in2DMode":false,"pivot":{"x":959.0638427734375,"y":41.54323196411133,"z":1037.400390625},"rotation":{"x":-0.026878012344241144,"y":0.9719406366348267,"z":-0.1877405047416687,"w":-0.13914918899536134},"size":161.0751953125,"orthographic":false}