{"cameraMode":{"drawMode":0,"name":"Shaded","section":"Shading Mode"},"sceneLighting":true,"audioPlay":false,"sceneViewState":{"showFog":true,"showMaterialUpdate":false,"showSkybox":true,"showFlares":true,"showImageEffects":true,"showParticleSystems":true},"in2DMode":false,"pivot":{"x":1036.60009765625,"y":48.58519744873047,"z":1095.4522705078125},"rotation":{"x":0.1011849194765091,"y":-0.8031452894210815,"z":0.5695245265960693,"w":0.14269277453422547},"size":15.5894193649292,"orthographic":false}