{"cameraMode":{"drawMode":0,"name":"Shaded","section":"Shading Mode"},"sceneLighting":true,"audioPlay":false,"sceneViewState":{"showFog":true,"showMaterialUpdate":false,"showSkybox":true,"showFlares":true,"showImageEffects":true,"showParticleSystems":true},"in2DMode":false,"pivot":{"x":31.170059204101564,"y":8.342355728149414,"z":-4.897392272949219},"rotation":{"x":-0.1258893758058548,"y":-0.03659943863749504,"z":0.004647857043892145,"w":-0.9913581013679504},"size":67.21758270263672,"orthographic":false}