{"cameraMode":{"drawMode":0,"name":"Shaded","section":"Shading Mode"},"sceneLighting":true,"audioPlay":false,"sceneViewState":{"showFog":true,"showMaterialUpdate":false,"showSkybox":true,"showFlares":true,"showImageEffects":true,"showParticleSystems":true},"in2DMode":false,"pivot":{"x":285.71044921875,"y":140.26889038085938,"z":-595.7940673828125},"rotation":{"x":0.000048134948883671314,"y":0.9999348521232605,"z":0.010496157221496106,"w":-0.004499627277255058},"size":1083.508544921875,"orthographic":false}